SET IDENTITY_INSERT Worker ON;
CREATE DATABASE ASSIG
USE ASSIG
CREATE TABLE Worker (
	WORKER_ID INT PRIMARY KEY IDENTITY(1,1),
	FIRST_NAME VARCHAR(25),
	LAST_NAME VARCHAR(25),
	SALARY INT,
	JOINING_DATE DATETIME,
	DEPARTMENT CHAR(25)
);
CREATE TABLE Bonus (
	WORKER_REF_ID INT,
	BONUS_AMOUNT INT,
	BONUS_DATE DATETIME,
	FOREIGN KEY (WORKER_REF_ID)
		REFERENCES Worker(WORKER_ID)
        ON DELETE CASCADE
);
CREATE TABLE Title (
	WORKER_REF_ID INT,
	WORKER_TITLE CHAR(25),
	AFFECTED_FROM DATETIME,
	FOREIGN KEY (WORKER_REF_ID)
		REFERENCES Worker(WORKER_ID)
        ON DELETE CASCADE
);
SELECT * FROM Worker;
INSERT INTO Worker (WORKER_ID,FIRST_NAME,LAST_NAME,SALARY,JOINING_DATE,DEPARTMENT)
VALUES
(1,'Monika','Arora',100000,'2014-02-20 09:00:00','HR'),
(2,'Niharika','Verma',80000,'2014-06-11 09:00:00','Admin'),
(3,'Vishal','Singhal',300000,'2014-02-20 09:00:00','HR'),
(4,'Amitabh','Singh',500000,'2014-02-20 09:00:00','Admin'),
(5,'Vivek','Bhati',500000,'2014-06-11 09:00:00','Admin'),
(6,'Vipul','Diwan',200000,'2014-06-11 09:00:00','Account'),
(7,'Satish','Kumar',75000,'2014-01-20 09:00:00','Account'),
(8,'Geetika','Chauhan',90000,'2014-04-11 09:00:00','Admin');
INSERT INTO Bonus (WORKER_REF_ID, BONUS_DATE, BONUS_AMOUNT)
VALUES
(1,'2016-02-20 00:00:00',5000),
(2,'2016-06-11 00:00:00',3000),
(3,'2016-02-20 00:00:00',4000),
(1,'2016-02-20 00:00:00',4500),
(2,'2016-06-11 00:00:00',3500);

INSERT INTO Title VALUES
(1,'Manager','2016-02-20 00:00:00'),
(2,'Executive','2016-06-11 00:00:00'),
(8,'Executive','2016-06-11 00:00:00'),
(5,'Manager','2016-06-11 00:00:00'),
(4,'Asst. Manager','2016-06-11 00:00:00'),
(7,'Executive','2016-06-11 00:00:00'),
(6,'Lead','2016-06-11 00:00:00'),
(3,'Lead','2016-06-11 00:00:00');

SELECT FIRST_NAME AS WORKER_NAME FROM WORKER;
SELECT UPPER(FIRST_NAME) FROM WORKER;
SELECT DISTINCT DEPARTMENT FROM WORKER
SELECT SUBSTRING(FIRST_NAME,1,3) AS FIRST_THREE_CHAR_OF_NAME FROM WORKER
SELECT FIRST_NAME, CHARINDEX('a',FIRST_NAME) AS POSTION FROM WORKER
SELECT RTRIM(FIRST_NAME) FROM WORKER 
SELECT LTRIM(DEPARTMENT) FROM WORKER
SELECT DISTINCT DEPARTMENT, LEN(DEPARTMENT) AS LENGTH FROM WORKER
SELECT REPLACE(FIRST_NAME,'a','A') AS REPLACEVALUES FROM WORKER
SELECT FIRST_NAME+' '+LAST_NAME AS COMPLETE_NAME FROM WORKER 
SELECT *FROM WORKER ORDER BY FIRST_NAME
SELECT *FROM WORKER ORDER BY FIRST_NAME, DEPARTMENT DESC
SELECT *FROM WORKER WHERE FIRST_NAME IN ('Vipul','Vishal') 
SELECT *FROM WORKER WHERE FIRST_NAME NOT IN ('Vipul','Vishal') 
SELECT *FROM Worker WHERE DEPARTMENT= 'ADMIN'
SELECT *FROM WORKER WHERE FIRST_NAME LIKE '%A%'
SELECT *FROM WORKER WHERE FIRST_NAME LIKE '%A'
SELECT *
FROM Worker
WHERE FIRST_NAME LIKE '_____h';
SELECT *
FROM Worker
WHERE SALARY BETWEEN 100000 AND 500000;
SELECT FIRST_NAME, SALARY
FROM Worker
WHERE SALARY >= 50000 AND SALARY <= 100000;
SELECT DEPARTMENT, COUNT(*) AS TOTAL_WORKERS
FROM Worker
GROUP BY DEPARTMENT
ORDER BY TOTAL_WORKERS DESC;
SELECT TOP 10 *
FROM Worker;